observation_date,DRCLACBS
1997-01-01,3.75
1997-04-01,3.76
1997-07-01,3.71
1997-10-01,3.75
1998-01-01,3.74
1998-04-01,3.77
1998-07-01,3.76
1998-10-01,3.72
1999-01-01,3.78
1999-04-01,3.62
1999-07-01,3.55
1999-10-01,3.51
2000-01-01,3.47
2000-04-01,3.53
2000-07-01,3.56
2000-10-01,3.63
2001-01-01,3.63
2001-04-01,3.68
2001-07-01,3.72
2001-10-01,3.64
2002-01-01,3.60
2002-04-01,3.51
2002-07-01,3.49
2002-10-01,3.45
2003-01-01,3.42
2003-04-01,3.31
2003-07-01,3.10
2003-10-01,3.28
2004-01-01,3.13
2004-04-01,3.10
2004-07-01,3.05
2004-10-01,3.03
2005-01-01,2.91
2005-04-01,2.85
2005-07-01,2.80
2005-10-01,2.69
2006-01-01,2.78
2006-04-01,2.92
2006-07-01,2.96
2006-10-01,2.94
2007-01-01,2.93
2007-04-01,2.99
2007-07-01,3.20
2007-10-01,3.40
2008-01-01,3.49
2008-04-01,3.56
2008-07-01,3.71
2008-10-01,4.27
2009-01-01,4.67
2009-04-01,4.85
2009-07-01,4.70
2009-10-01,4.59
2010-01-01,4.72
2010-04-01,4.25
2010-07-01,4.00
2010-10-01,3.63
2011-01-01,3.43
2011-04-01,3.27
2011-07-01,3.13
2011-10-01,3.07
2012-01-01,2.93
2012-04-01,2.84
2012-07-01,2.78
2012-10-01,2.63
2013-01-01,2.56
2013-04-01,2.48
2013-07-01,2.40
2013-10-01,2.37
2014-01-01,2.32
2014-04-01,2.27
2014-07-01,2.20
2014-10-01,2.09
2015-01-01,2.01
2015-04-01,1.98
2015-07-01,2.00
2015-10-01,2.01
2016-01-01,2.00
2016-04-01,2.05
2016-07-01,2.08
2016-10-01,2.15
2017-01-01,2.18
2017-04-01,2.22
2017-07-01,2.27
2017-10-01,2.23
2018-01-01,2.27
2018-04-01,2.26
2018-07-01,2.30
2018-10-01,2.31
2019-01-01,2.33
2019-04-01,2.36
2019-07-01,2.34
2019-10-01,2.31
2020-01-01,2.48
2020-04-01,2.01
2020-07-01,1.82
2020-10-01,1.92
2021-01-01,1.69
2021-04-01,1.53
2021-07-01,1.52
2021-10-01,1.54
2022-01-01,1.65
2022-04-01,1.81
2022-07-01,1.92
2022-10-01,2.07
2023-01-01,2.23
2023-04-01,2.37
2023-07-01,2.52
2023-10-01,2.61
2024-01-01,2.68
2024-04-01,2.72
2024-07-01,2.73
2024-10-01,2.76
2025-01-01,2.77
2025-04-01,2.76
2025-07-01,2.71
2025-10-01,2.62
